z_left,z_right,count,percent,delta_mu_level,sigma_level,chi_Mpc,zeta_rad
0.0,0.96,1675,98.52941176470588,0.0,0.0,1784.9744029906217,0.6058911188392463
0.96,2.0,25,1.4705882352941175,0.14418581588924018,0.06117725648513452,4138.009807749925,0.882786984764625
