z_left,z_right,count,percent,delta_mu,sigma_delta_mu
0.0,0.008,73,4.294117647058823,-73.71675370923015,
0.008,0.02,192,11.294117647058824,-73.7581818841557,
0.02,0.03,203,11.941176470588236,-73.79741864058299,
0.03,0.04,122,7.1764705882352935,-73.75012823921695,
0.04,0.96,1085,63.8235294117647,-73.77952524856877,
0.96,2.0,25,1.4705882352941175,-73.64236111111111,
