{
  "bp_like": {
    "z": {
      "stat": 6.356066276489944,
      "R2": 0.02294608764075792,
      "pval": 0.011698061724303528
    },
    "zeta": {
      "stat": 6.558908573714486,
      "R2": 0.023678370302218362,
      "pval": 0.010436035497266804
    }
  },
  "config": {
    "input": "Pantheon+SH0ES.dat",
    "sep": "\\s+",
    "col_z": "zCMB",
    "col_mu": "MU_SH0ES",
    "drop_calibrators": true,
    "only_hubble_flow": true,
    "H0": 73.0,
    "Om": 0.3,
    "Moff": 0.0,
    "nbins": 20,
    "outdir": "zeta_noise_out_full"
  }
}