{
  "bp_like": {
    "z": {
      "stat": 0.07158586835862296,
      "R2": 0.0002584327377567616,
      "pval": 0.7890415993289772
    },
    "zeta": {
      "stat": 0.2577573765285337,
      "R2": 0.0009305320452293636,
      "pval": 0.6116650702015363
    }
  },
  "config": {
    "input": "Pantheon+SH0ES.dat",
    "sep": "\\s+",
    "col_z": "zCMB",
    "col_mu": "MU_SH0ES",
    "drop_calibrators": true,
    "only_hubble_flow": true,
    "H0": 60.0,
    "Om": 0.3,
    "Moff": 0.0,
    "nbins": 20,
    "outdir": "zeta_noise_out_full"
  }
}